threshold,precision,recall,f1,specificity,accuracy
0.1,0.625,1.0,0.7692307692307693,0.5961538461538461,0.7586206896551724
0.11,0.6730769230769231,1.0,0.8045977011494253,0.6730769230769231,0.8045977011494253
0.12,0.6666666666666666,0.9714285714285714,0.7906976744186046,0.6730769230769231,0.7931034482758621
0.13,0.68,0.9714285714285714,0.8,0.6923076923076923,0.8045977011494253
0.14,0.7083333333333334,0.9714285714285714,0.8192771084337349,0.7307692307692307,0.8275862068965517
0.15,0.717391304347826,0.9428571428571428,0.8148148148148148,0.75,0.8275862068965517
0.16,0.7333333333333333,0.9428571428571428,0.825,0.7692307692307693,0.8390804597701149
0.17,0.7804878048780488,0.9142857142857143,0.8421052631578947,0.8269230769230769,0.8620689655172413
0.18,0.7804878048780488,0.9142857142857143,0.8421052631578947,0.8269230769230769,0.8620689655172413
0.19,0.7804878048780488,0.9142857142857143,0.8421052631578947,0.8269230769230769,0.8620689655172413
0.2,0.7804878048780488,0.9142857142857143,0.8421052631578947,0.8269230769230769,0.8620689655172413
0.21,0.7804878048780488,0.9142857142857143,0.8421052631578947,0.8269230769230769,0.8620689655172413
0.22,0.7804878048780488,0.9142857142857143,0.8421052631578947,0.8269230769230769,0.8620689655172413
0.23,0.8,0.9142857142857143,0.8533333333333334,0.8461538461538461,0.8735632183908046
0.24,0.8,0.9142857142857143,0.8533333333333334,0.8461538461538461,0.8735632183908046
0.25,0.8,0.9142857142857143,0.8533333333333334,0.8461538461538461,0.8735632183908046
0.26,0.8,0.9142857142857143,0.8533333333333334,0.8461538461538461,0.8735632183908046
0.27,0.8,0.9142857142857143,0.8533333333333334,0.8461538461538461,0.8735632183908046
0.28,0.8,0.9142857142857143,0.8533333333333334,0.8461538461538461,0.8735632183908046
0.29,0.8,0.9142857142857143,0.8533333333333334,0.8461538461538461,0.8735632183908046
0.3,0.8,0.9142857142857143,0.8533333333333334,0.8461538461538461,0.8735632183908046
0.31,0.8,0.9142857142857143,0.8533333333333334,0.8461538461538461,0.8735632183908046
0.32,0.8,0.9142857142857143,0.8533333333333334,0.8461538461538461,0.8735632183908046
0.33,0.8,0.9142857142857143,0.8533333333333334,0.8461538461538461,0.8735632183908046
0.34,0.8205128205128205,0.9142857142857143,0.8648648648648649,0.8653846153846154,0.8850574712643678
0.35,0.8205128205128205,0.9142857142857143,0.8648648648648649,0.8653846153846154,0.8850574712643678
0.36,0.8205128205128205,0.9142857142857143,0.8648648648648649,0.8653846153846154,0.8850574712643678
0.37,0.8157894736842105,0.8857142857142857,0.8493150684931506,0.8653846153846154,0.8735632183908046
0.38,0.8157894736842105,0.8857142857142857,0.8493150684931506,0.8653846153846154,0.8735632183908046
0.39,0.8157894736842105,0.8857142857142857,0.8493150684931506,0.8653846153846154,0.8735632183908046
0.4,0.8157894736842105,0.8857142857142857,0.8493150684931506,0.8653846153846154,0.8735632183908046
0.41,0.8157894736842105,0.8857142857142857,0.8493150684931506,0.8653846153846154,0.8735632183908046
0.42,0.8108108108108109,0.8571428571428571,0.8333333333333334,0.8653846153846154,0.8620689655172413
0.43,0.8108108108108109,0.8571428571428571,0.8333333333333334,0.8653846153846154,0.8620689655172413
0.44,0.8108108108108109,0.8571428571428571,0.8333333333333334,0.8653846153846154,0.8620689655172413
0.45,0.8108108108108109,0.8571428571428571,0.8333333333333334,0.8653846153846154,0.8620689655172413
0.46,0.8108108108108109,0.8571428571428571,0.8333333333333334,0.8653846153846154,0.8620689655172413
0.47,0.8108108108108109,0.8571428571428571,0.8333333333333334,0.8653846153846154,0.8620689655172413
0.48,0.8108108108108109,0.8571428571428571,0.8333333333333334,0.8653846153846154,0.8620689655172413
0.49,0.8333333333333334,0.8571428571428571,0.8450704225352113,0.8846153846153846,0.8735632183908046
0.5,0.8333333333333334,0.8571428571428571,0.8450704225352113,0.8846153846153846,0.8735632183908046
0.51,0.8333333333333334,0.8571428571428571,0.8450704225352113,0.8846153846153846,0.8735632183908046
0.52,0.8333333333333334,0.8571428571428571,0.8450704225352113,0.8846153846153846,0.8735632183908046
0.53,0.8571428571428571,0.8571428571428571,0.8571428571428571,0.9038461538461539,0.8850574712643678
0.54,0.8529411764705882,0.8285714285714286,0.8405797101449275,0.9038461538461539,0.8735632183908046
0.55,0.8529411764705882,0.8285714285714286,0.8405797101449275,0.9038461538461539,0.8735632183908046
0.56,0.8529411764705882,0.8285714285714286,0.8405797101449275,0.9038461538461539,0.8735632183908046
0.57,0.8529411764705882,0.8285714285714286,0.8405797101449275,0.9038461538461539,0.8735632183908046
0.58,0.8529411764705882,0.8285714285714286,0.8405797101449275,0.9038461538461539,0.8735632183908046
0.59,0.8529411764705882,0.8285714285714286,0.8405797101449275,0.9038461538461539,0.8735632183908046
0.6,0.8529411764705882,0.8285714285714286,0.8405797101449275,0.9038461538461539,0.8735632183908046
0.61,0.8529411764705882,0.8285714285714286,0.8405797101449275,0.9038461538461539,0.8735632183908046
0.62,0.8529411764705882,0.8285714285714286,0.8405797101449275,0.9038461538461539,0.8735632183908046
0.63,0.8787878787878788,0.8285714285714286,0.8529411764705882,0.9230769230769231,0.8850574712643678
0.64,0.8787878787878788,0.8285714285714286,0.8529411764705882,0.9230769230769231,0.8850574712643678
0.65,0.8787878787878788,0.8285714285714286,0.8529411764705882,0.9230769230769231,0.8850574712643678
0.66,0.9354838709677419,0.8285714285714286,0.8787878787878788,0.9615384615384616,0.9080459770114943
0.67,0.9354838709677419,0.8285714285714286,0.8787878787878788,0.9615384615384616,0.9080459770114943
0.68,0.9333333333333333,0.8,0.8615384615384616,0.9615384615384616,0.896551724137931
0.69,0.9310344827586207,0.7714285714285715,0.84375,0.9615384615384616,0.8850574712643678
0.7,0.9310344827586207,0.7714285714285715,0.84375,0.9615384615384616,0.8850574712643678
0.71,0.9285714285714286,0.7428571428571429,0.8253968253968254,0.9615384615384616,0.8735632183908046
0.72,0.9285714285714286,0.7428571428571429,0.8253968253968254,0.9615384615384616,0.8735632183908046
0.73,0.9285714285714286,0.7428571428571429,0.8253968253968254,0.9615384615384616,0.8735632183908046
0.74,0.9285714285714286,0.7428571428571429,0.8253968253968254,0.9615384615384616,0.8735632183908046
0.75,0.9285714285714286,0.7428571428571429,0.8253968253968254,0.9615384615384616,0.8735632183908046
0.76,0.9615384615384616,0.7142857142857143,0.819672131147541,0.9807692307692307,0.8735632183908046
0.77,0.9615384615384616,0.7142857142857143,0.819672131147541,0.9807692307692307,0.8735632183908046
0.78,0.96,0.6857142857142857,0.8,0.9807692307692307,0.8620689655172413
0.79,0.9583333333333334,0.6571428571428571,0.7796610169491526,0.9807692307692307,0.8505747126436781
0.8,0.9583333333333334,0.6571428571428571,0.7796610169491526,0.9807692307692307,0.8505747126436781
0.81,0.9583333333333334,0.6571428571428571,0.7796610169491526,0.9807692307692307,0.8505747126436781
0.82,0.9583333333333334,0.6571428571428571,0.7796610169491526,0.9807692307692307,0.8505747126436781
0.83,0.9523809523809523,0.5714285714285714,0.7142857142857143,0.9807692307692307,0.8160919540229885
0.84,0.95,0.5428571428571428,0.6909090909090909,0.9807692307692307,0.8045977011494253
0.85,0.9444444444444444,0.4857142857142857,0.6415094339622641,0.9807692307692307,0.7816091954022989
0.86,0.9375,0.42857142857142855,0.5882352941176471,0.9807692307692307,0.7586206896551724
0.87,0.9230769230769231,0.34285714285714286,0.5,0.9807692307692307,0.7241379310344828
0.88,1.0,0.3142857142857143,0.4782608695652174,1.0,0.7241379310344828
0.89,1.0,0.2571428571428571,0.4090909090909091,1.0,0.7011494252873564
0.9,1.0,0.11428571428571428,0.20512820512820512,1.0,0.6436781609195402
