threshold,dementia_recall,dementia_precision,macro_f1,accuracy
0.1,0.9428571428571428,0.44594594594594594,0.46392515304704035,0.5597014925373134
0.11,0.9428571428571428,0.4782608695652174,0.5068681318681318,0.582089552238806
0.12,0.9428571428571428,0.4925373134328358,0.5263669668902793,0.5970149253731343
0.13,0.9428571428571428,0.5,0.5273377878594152,0.5970149253731343
0.14,0.9428571428571428,0.5076923076923077,0.5283936712255297,0.5970149253731343
0.15,0.9428571428571428,0.5238095238095238,0.5296276405298962,0.5970149253731343
0.16,0.9428571428571428,0.5409836065573771,0.5552404718693285,0.6119402985074627
0.17,0.9142857142857143,0.5517241379310345,0.5733653718290085,0.6194029850746269
0.18,0.9142857142857143,0.5517241379310345,0.5733653718290085,0.6194029850746269
0.19,0.8857142857142857,0.543859649122807,0.5664765977666905,0.6119402985074627
0.2,0.8857142857142857,0.543859649122807,0.5664765977666905,0.6119402985074627
0.21,0.8571428571428571,0.5357142857142857,0.5595201858627523,0.6044776119402985
0.22,0.8285714285714286,0.5370370370370371,0.5644278805844091,0.6044776119402985
0.23,0.8285714285714286,0.5471698113207547,0.565242946708464,0.6044776119402985
0.24,0.8,0.5384615384615384,0.5585027998821103,0.5970149253731343
0.25,0.8,0.5490196078431373,0.5695446850218302,0.6044776119402985
0.26,0.7714285714285715,0.5625,0.5838506449586451,0.6119402985074627
0.27,0.7714285714285715,0.6,0.6052681992337164,0.6268656716417911
0.28,0.7428571428571429,0.5909090909090909,0.5977748944151126,0.6194029850746269
0.29,0.7428571428571429,0.6046511627906976,0.5987366677021849,0.6194029850746269
0.3,0.7428571428571429,0.6190476190476191,0.6087097576752749,0.6268656716417911
0.31,0.7428571428571429,0.6190476190476191,0.6087097576752749,0.6268656716417911
0.32,0.7428571428571429,0.6190476190476191,0.6087097576752749,0.6268656716417911
0.33,0.7142857142857143,0.625,0.6021296710951883,0.6194029850746269
0.34,0.6571428571428571,0.6052631578947368,0.5864460694916978,0.6044776119402985
0.35,0.6571428571428571,0.6216216216216216,0.5960089399744571,0.6119402985074627
0.36,0.6571428571428571,0.6216216216216216,0.5960089399744571,0.6119402985074627
0.37,0.6571428571428571,0.6216216216216216,0.5960089399744571,0.6119402985074627
0.38,0.6571428571428571,0.6388888888888888,0.6054898998075298,0.6194029850746269
0.39,0.6571428571428571,0.6388888888888888,0.6054898998075298,0.6194029850746269
0.4,0.6571428571428571,0.6388888888888888,0.6054898998075298,0.6194029850746269
0.41,0.6571428571428571,0.6388888888888888,0.6054898998075298,0.6194029850746269
0.42,0.6571428571428571,0.6388888888888888,0.6054898998075298,0.6194029850746269
0.43,0.6285714285714286,0.6470588235294118,0.6065501385853258,0.6194029850746269
0.44,0.6,0.6363636363636364,0.5980553140796548,0.6119402985074627
0.45,0.6,0.6363636363636364,0.5980553140796548,0.6119402985074627
0.46,0.6,0.6363636363636364,0.5980553140796548,0.6119402985074627
0.47,0.6,0.6363636363636364,0.5980553140796548,0.6119402985074627
0.48,0.5714285714285714,0.625,0.589403893312343,0.6044776119402985
0.49,0.5714285714285714,0.6451612903225806,0.5984382720549521,0.6119402985074627
0.5,0.5142857142857142,0.6428571428571429,0.5891588716075349,0.6044776119402985
0.51,0.5142857142857142,0.6428571428571429,0.5891588716075349,0.6044776119402985
0.52,0.5142857142857142,0.6666666666666666,0.5978906604045647,0.6119402985074627
0.53,0.5142857142857142,0.6923076923076923,0.6065987903184059,0.6194029850746269
0.54,0.4857142857142857,0.68,0.5969348659003831,0.6119402985074627
0.55,0.4857142857142857,0.68,0.5969348659003831,0.6119402985074627
0.56,0.45714285714285713,0.6666666666666666,0.5870448227681311,0.6044776119402985
0.57,0.42857142857142855,0.6818181818181818,0.5782214156079855,0.5970149253731343
0.58,0.4,0.6666666666666666,0.5677681992337165,0.5895522388059702
0.59,0.37142857142857144,0.6842105263157895,0.5651384436277703,0.5895522388059702
0.6,0.37142857142857144,0.6842105263157895,0.5651384436277703,0.5895522388059702
0.61,0.34285714285714286,0.7058823529411765,0.5618921308576481,0.5895522388059702
0.62,0.34285714285714286,0.7058823529411765,0.5618921308576481,0.5895522388059702
0.63,0.3142857142857143,0.6875,0.5501866616681952,0.582089552238806
0.64,0.2857142857142857,0.6666666666666666,0.5381113364886184,0.5746268656716418
0.65,0.2857142857142857,0.7142857142857143,0.5457185217575481,0.582089552238806
0.66,0.2857142857142857,0.7692307692307693,0.5533451223106396,0.5895522388059702
0.67,0.22857142857142856,0.7272727272727273,0.5271326600850518,0.5746268656716418
0.68,0.2,0.7,0.5133073131139518,0.5671641791044776
0.69,0.2,0.7,0.5133073131139518,0.5671641791044776
0.7,0.17142857142857143,0.75,0.4995401808376802,0.5597014925373134
0.71,0.17142857142857143,0.75,0.4995401808376802,0.5597014925373134
0.72,0.14285714285714285,0.7142857142857143,0.48438075334627057,0.5522388059701493
0.73,0.14285714285714285,0.7142857142857143,0.48438075334627057,0.5522388059701493
0.74,0.14285714285714285,0.7142857142857143,0.48438075334627057,0.5522388059701493
0.75,0.14285714285714285,0.8333333333333334,0.49084829152112586,0.5597014925373134
0.76,0.14285714285714285,0.8333333333333334,0.49084829152112586,0.5597014925373134
0.77,0.02857142857142857,0.5,0.42171616894255576,0.5298507462686567
0.78,0.0,0.0,0.4066214755869928,0.5298507462686567
0.79,0.0,0.0,0.4066214755869928,0.5298507462686567
0.8,0.0,0.0,0.4066214755869928,0.5298507462686567
