feature,control_mean,dementia_mean,fold_change_dem_ctrl,welch_t,welch_p,mannwhitney_U,mannwhitney_p,cohens_d,n_control,n_dementia
pT217_F,0.1804,0.7649,4.2393,-14.8021,0.0,7163.5,0.0,1.3609,343,231
AB42_AB40_F,0.088,0.0802,0.9108,7.1822,0.0,54564.5,0.0,-0.6046,343,229
NfL_Q,20.0995,35.4883,1.7656,-6.9264,0.0,5382.5,0.0,0.7519,167,172
pT217_AB42_F,0.0067,0.0304,4.514,-14.7606,0.0,7477.0,0.0,1.3644,343,229
GFAP_Q,157.9379,282.3578,1.7878,-10.0471,0.0,5698.5,0.0,1.0912,167,172
NfL_F,22.2958,37.0812,1.6631,-7.0046,0.0,3716.5,0.0,1.0137,262,75
MMSE_FINAL_SCORE,28.8153,18.9893,0.659,22.2881,0.0,28902.0,0.0,-2.3251,157,187
GFAP_F,59.6557,118.2373,1.982,-6.9298,0.0,3795.5,0.0,1.0733,262,75
AB40_F,324.8337,335.6321,1.0332,-1.2735,0.20334817,34189.5,0.0068267,0.1042,343,230
AB42_F,27.9935,26.5464,0.9483,2.5955,0.00969454,44418.0,0.0079042,-0.2166,343,229
