feature,count,mean,median,std,variance,min,max,range,q1,q3,iqr,skewness,kurtosis,missing_count,missing_pct
pT217_F,889,0.3908,0.221,0.4336,0.188,0.03,5.555,5.525,0.114,0.552,0.438,3.5208,26.3115,0,0.0
AB42_F,886,27.5416,26.95,6.8291,46.6365,7.24,118.44,111.2,23.48,31.2975,7.8175,2.8825,34.7689,3,0.34
AB40_F,887,334.0777,315.63,103.1089,10631.4409,70.0,1927.0,1857.0,279.225,370.65,91.425,6.1999,80.3104,2,0.22
AB42_AB40_F,886,0.0841,0.0829,0.0142,0.0002,0.0255,0.1652,0.1397,0.0753,0.0927,0.0173,0.5203,2.0243,3,0.34
pT217_AB42_F,886,0.0152,0.0083,0.0175,0.0003,0.001,0.2151,0.2141,0.004,0.0206,0.0165,3.2988,22.7711,3,0.34
NfL_Q,458,27.4755,23.35,20.3113,412.5486,5.04,278.0,272.96,15.65,33.275,17.625,5.2152,52.1337,431,48.48
GFAP_Q,458,220.288,202.95,125.968,15867.9305,10.56,816.7,806.14,124.95,282.65,157.7,1.2943,2.464,431,48.48
NfL_F,568,27.7147,23.285,23.7952,566.2101,6.25,419.72,413.47,17.35,31.945,14.595,9.4336,136.7089,321,36.11
GFAP_F,568,78.7468,63.6,110.5812,12228.1943,15.8,2478.1,2462.3,44.05,93.175,49.125,18.1668,388.9143,321,36.11
MMSE_FINAL_SCORE,532,24.7162,27.0,5.7297,32.8289,2.0,30.0,28.0,22.0,29.0,7.0,-1.5551,2.2959,357,40.16
