group,feature,n,mean,median,std,min,max,q1,q3,iqr,skewness,kurtosis,p10,p90
Control,pT217_F,343,0.1804,0.122,0.1778,0.036,1.999,0.093,0.196,0.103,4.6884,34.9053,0.0712,0.345
Control,AB42_F,343,27.9935,27.19,7.4473,11.86,118.44,23.95,31.4,7.45,5.3798,61.9145,21.158,35.202
Control,AB40_F,343,324.8337,305.9,123.1857,146.03,1927.0,272.46,349.905,77.445,8.8276,102.331,247.842,401.112
Control,AB42_AB40_F,343,0.088,0.0878,0.014,0.0255,0.1217,0.079,0.0972,0.0182,-0.2758,0.7382,0.0711,0.1059
Control,pT217_AB42_F,343,0.0067,0.0045,0.0069,0.0014,0.0748,0.0032,0.0073,0.0041,4.4443,31.3328,0.0026,0.0128
Control,NfL_Q,167,20.0995,16.7,14.5953,5.04,122.0,12.2,23.3,11.1,3.6764,19.0123,8.62,33.08
Control,GFAP_Q,167,157.9379,132.9,85.9353,10.56,552.6,101.3,203.05,101.75,1.4175,3.372,67.44,247.8
Control,NfL_F,262,22.2958,19.9,11.5811,6.86,101.04,15.065,26.21,11.145,2.7251,12.26,11.537,34.468
Control,GFAP_F,262,59.6557,51.45,30.642,15.8,254.4,37.3,73.9,36.6,1.8302,6.4505,30.71,98.43
Control,MMSE_FINAL_SCORE,157,28.8153,29.0,1.5056,22.0,30.0,28.0,30.0,2.0,-1.9105,4.1771,27.0,30.0
MCI,pT217_F,315,0.3456,0.245,0.3093,0.03,1.85,0.121,0.4425,0.3215,1.7915,3.5229,0.0864,0.789
MCI,AB42_F,314,27.7736,27.33,6.7364,7.24,54.41,23.2325,31.755,8.5225,0.2599,0.5052,19.609,36.408
MCI,AB40_F,314,343.0368,330.325,93.1887,70.0,908.3,285.3125,384.1475,98.835,1.3576,5.8947,254.831,463.389
MCI,AB42_AB40_F,314,0.0826,0.0806,0.0148,0.0344,0.1652,0.0723,0.0909,0.0186,0.7541,2.6891,0.0657,0.103
MCI,pT217_AB42_F,314,0.0134,0.0089,0.0125,0.001,0.0566,0.0045,0.017,0.0125,1.5175,1.5801,0.0031,0.0334
MCI,NfL_Q,119,26.2452,23.9,14.6123,5.09,107.0,15.9,31.15,15.25,2.0817,7.7312,12.54,42.28
MCI,GFAP_Q,119,218.0734,202.2,112.8766,48.9,608.7,131.35,282.25,150.9,0.9353,0.7592,88.2,373.54
MCI,NfL_F,231,30.8197,24.74,32.8135,8.58,419.72,19.16,34.335,15.175,8.3959,88.8387,14.01,43.21
MCI,GFAP_F,231,87.5783,70.4,162.6028,18.5,2478.1,48.55,98.5,49.95,13.8484,201.0036,36.1,131.0
MCI,MMSE_FINAL_SCORE,188,26.9894,27.0,2.401,17.0,30.0,26.0,29.0,3.0,-0.9498,1.0364,23.7,30.0
Dementia,pT217_F,231,0.7649,0.695,0.5821,0.054,5.555,0.371,0.9885,0.6175,3.1727,20.1579,0.185,1.392
Dementia,AB42_F,229,26.5464,25.94,5.8443,8.82,42.04,22.44,29.83,7.39,0.3561,0.2771,20.144,34.998
Dementia,AB40_F,230,335.6321,317.58,79.7513,127.01,664.3,284.6175,380.945,96.3275,0.8942,1.8447,254.795,428.793
Dementia,AB42_AB40_F,229,0.0802,0.0793,0.012,0.0461,0.1487,0.0739,0.0848,0.0109,1.7537,8.495,0.068,0.0929
Dementia,pT217_AB42_F,229,0.0304,0.027,0.0236,0.0023,0.2151,0.0134,0.0386,0.0253,2.8268,16.5215,0.0074,0.0589
Dementia,NfL_Q,172,35.4883,30.2,25.0926,6.39,278.0,22.95,42.55,19.6,5.7764,49.8685,18.01,51.98
Dementia,GFAP_Q,172,282.3578,258.35,137.0074,72.0,816.7,200.95,336.35,135.4,1.1746,2.0309,112.69,463.92
Dementia,NfL_F,75,37.0812,32.36,17.198,6.25,84.65,26.95,43.005,16.055,1.1795,1.0726,20.244,63.492
Dementia,GFAP_F,75,118.2373,103.7,71.3506,24.5,430.6,69.0,139.05,70.05,1.6509,3.8008,56.18,210.76
Dementia,MMSE_FINAL_SCORE,187,18.9893,20.0,5.8004,2.0,29.0,16.0,23.0,7.0,-0.9336,0.3809,10.6,25.0
