feature,group_1,group_2,n_1,n_2,U_stat,p_value,p_bonferroni,effect_r,significant_0.05,significant_bonferroni
pT217_F,Control,MCI,343,315,32668.0,0.0,0.0,inf,True,True
pT217_F,Control,Dementia,343,231,7163.5,0.0,0.0,inf,True,True
pT217_F,MCI,Dementia,315,231,15950.5,0.0,0.0,inf,True,True
AB42_AB40_F,Control,Dementia,343,229,54564.5,0.0,0.0,0.3301,True,True
pT217_AB42_F,Control,MCI,343,314,32671.5,0.0,0.0,inf,True,True
pT217_AB42_F,Control,Dementia,343,229,7477.0,0.0,0.0,inf,True,True
pT217_AB42_F,MCI,Dementia,314,229,16297.5,0.0,0.0,inf,True,True
NfL_Q,Control,Dementia,167,172,5382.5,0.0,0.0,inf,True,True
GFAP_F,Control,Dementia,262,75,3795.5,0.0,0.0,0.4426,True,True
MMSE_FINAL_SCORE,Control,MCI,157,188,22050.5,0.0,0.0,0.4348,True,True
MMSE_FINAL_SCORE,MCI,Dementia,188,187,32770.5,0.0,0.0,inf,True,True
MMSE_FINAL_SCORE,Control,Dementia,157,187,28902.0,0.0,0.0,inf,True,True
GFAP_Q,Control,Dementia,167,172,5698.5,0.0,0.0,inf,True,True
NfL_F,Control,Dementia,262,75,3716.5,0.0,0.0,0.4472,True,True
NfL_F,Control,MCI,262,231,21441.5,2e-08,6.9e-07,0.2516,True,True
GFAP_F,Control,MCI,262,231,21327.5,2e-08,4.6e-07,0.2549,True,True
AB42_AB40_F,Control,MCI,343,314,66988.5,6e-08,1.94e-06,0.2109,True,True
GFAP_F,MCI,Dementia,231,75,5374.5,7.9e-07,2.368e-05,0.2823,True,True
GFAP_Q,Control,MCI,167,119,6558.5,9.6e-07,2.889e-05,0.2897,True,True
NfL_Q,Control,MCI,167,119,6587.5,1.19e-06,3.574e-05,0.2872,True,True
NfL_Q,MCI,Dementia,119,172,6860.5,1.76e-06,5.272e-05,0.2802,True,True
NfL_F,MCI,Dementia,231,75,5569.5,3.4e-06,0.00010197,0.2655,True,True
GFAP_Q,MCI,Dementia,119,172,7237.0,2.177e-05,0.00065296,0.2489,True,True
AB40_F,Control,MCI,343,314,44498.0,0.00011883,0.00356503,0.1501,True,True
AB40_F,Control,Dementia,343,230,34189.5,0.0068267,0.20480096,0.113,True,False
AB42_F,Control,Dementia,343,229,44418.0,0.0079042,0.23712604,0.1111,True,False
AB42_F,MCI,Dementia,314,229,40099.5,0.02165575,0.64967254,0.0985,True,False
AB42_AB40_F,MCI,Dementia,314,229,39484.5,0.05049778,1.0,0.0839,False,False
AB40_F,MCI,Dementia,314,230,37537.0,0.4308991,1.0,0.0338,False,False
AB42_F,Control,MCI,343,314,53925.5,0.97570757,1.0,0.0012,False,False
