feature,group,n,shapiro_stat,shapiro_p,normal_at_0.05
pT217_F,Control,343,0.5887,0.0,False
pT217_F,MCI,315,0.8061,0.0,False
pT217_F,Dementia,231,0.7839,0.0,False
AB42_F,Control,343,0.7174,0.0,False
AB42_F,MCI,314,0.9924,0.107947,True
AB42_F,Dementia,229,0.98,0.002497,False
AB40_F,Control,343,0.4374,0.0,False
AB40_F,MCI,314,0.9113,0.0,False
AB40_F,Dementia,230,0.954,1e-06,False
AB42_AB40_F,Control,343,0.9905,0.025481,False
AB42_AB40_F,MCI,314,0.9663,1e-06,False
AB42_AB40_F,Dementia,229,0.8753,0.0,False
pT217_AB42_F,Control,343,0.5927,0.0,False
pT217_AB42_F,MCI,314,0.8038,0.0,False
pT217_AB42_F,Dementia,229,0.8061,0.0,False
NfL_Q,Control,167,0.6737,0.0,False
NfL_Q,MCI,119,0.8497,0.0,False
NfL_Q,Dementia,172,0.5832,0.0,False
GFAP_Q,Control,167,0.9056,0.0,False
GFAP_Q,MCI,119,0.9385,3.6e-05,False
GFAP_Q,Dementia,172,0.9234,0.0,False
NfL_F,Control,262,0.7877,0.0,False
NfL_F,MCI,231,0.3801,0.0,False
NfL_F,Dementia,75,0.8921,1e-05,False
GFAP_F,Control,262,0.873,0.0,False
GFAP_F,MCI,231,0.1728,0.0,False
GFAP_F,Dementia,75,0.8667,1e-06,False
MMSE_FINAL_SCORE,Control,157,0.7525,0.0,False
MMSE_FINAL_SCORE,MCI,188,0.9171,0.0,False
MMSE_FINAL_SCORE,Dementia,187,0.9267,0.0,False
