feature,mutual_info,anova_F,anova_p
MMSE_FINAL_SCORE,0.4448527480280051,330.003698377717,1.362276123911141e-93
pT217_F,0.2006034906493186,89.29850938168802,4.081501605308634e-34
pT217_AB42_F,0.19657583468036455,94.59039434478848,8.088813676180206e-36
NfL_harmonized,0.0952135165264012,24.69431538112853,5.616102712813989e-11
GFAP_harmonized,0.04463624626640117,42.299367908760736,9.235253091398439e-18
AB42_AB40_F,0.04141965353518717,4.936457470094968,0.007516151932481747
GFAP_NfL_ratio,0.038544841943782604,0.782985578168337,0.45757139088405996
AB40_F,0.035175156476486835,2.2072492906338463,0.11102070892262322
AB42_F,0.0,3.5903063726538096,0.028268112692925916
AB40_minus_AB42,0.0,2.1230469842870843,0.120690754030887
