feature_set,n_features,clf,f1_macro,f1_macro_std,dementia_recall
everything_incl_confound_risk,23,logreg,0.6736794769361493,0.022825368551132125,0.7840888066604995
core_plus_engineered_plus_mmse,21,logreg,0.6612419177952461,0.017457691649069303,0.796854764107308
core_plus_mmse_no_engineered,9,logreg,0.6525994866087566,0.023356144120769574,0.775023126734505
core_plus_mmse_no_engineered,9,rf,0.6441598174003789,0.015195932202328299,0.7753006475485662
everything_incl_confound_risk,23,rf,0.631653176320315,0.028084296803436347,0.7708603145235892
core_plus_engineered_plus_mmse,21,rf,0.621826370036936,0.01649411321854442,0.7580018501387604
core_only,7,rf,0.5548599574614379,0.02479380359008168,0.6237742830712304
core_only,7,logreg,0.5545106279625502,0.023704589412053893,0.6667900092506939
core_plus_engineered,19,rf,0.5507557494085569,0.02092176350318934,0.6278445883441258
core_plus_engineered,19,logreg,0.5505828816981313,0.03448967596515526,0.7447733580018501
