impute,scale,clf,f1_macro_mean,f1_macro_std,bal_acc_mean,bal_acc_std
median,robust,logreg,0.6612419177952461,0.017457691649069303,0.6682143656105675,0.017957671634831068
median,standard,logreg,0.6528377894725919,0.015726132960990857,0.6618651592613611,0.014833343028536021
knn,robust,logreg,0.6458380105076461,0.01307767326519844,0.6556059405980503,0.010844022649817705
iterative,robust,logreg,0.6456658800137918,0.019762232642150126,0.6541424566537479,0.016002956531516326
knn,standard,logreg,0.6455328975908442,0.011356468455633198,0.6560748238035063,0.011870945562336518
iterative,standard,logreg,0.6439346393632205,0.019340397893985253,0.653553138801003,0.014191113153738753
iterative,robust,rf,0.6251523059827608,0.014890815464339041,0.6338026340148558,0.017207710671891287
iterative,standard,rf,0.6226477920332006,0.016364760369519324,0.631295157594336,0.018606995538844397
median,robust,rf,0.621826370036936,0.01649411321854442,0.6298909264600073,0.02291798709841282
median,standard,rf,0.6185420449315067,0.016311693273920583,0.6260261921604904,0.022536023563025087
knn,standard,rf,0.6063592732212195,0.017267486102032197,0.6128319330610237,0.017250121567624822
knn,robust,rf,0.6050131131517904,0.015984789883595897,0.6117737320028226,0.01698070612319124
