model,cv_accuracy_mean,cv_accuracy_std,cv_macro_f1,cv_dementia_recall,cv_dementia_precision,cv_control_recall,n_trials_completed,tuning_seconds
logistic_regression,0.8622974963181148,0.078911899520524,0.8561109518664698,0.8112244897959183,0.8412698412698413,0.8969072164948454,40,12.3
random_forest,0.8541342310119923,0.0042078713371281,0.8492884384875231,0.8367346938775511,0.8078817733990148,0.865979381443299,38,100.1
extra_trees,0.85411319166842,0.0037310342540101,0.8490542151054923,0.8316326530612245,0.8109452736318408,0.8694158075601375,40,59.0
xgboost,0.8500105196717861,0.0143058685184925,0.8437765034166063,0.8061224489795918,0.8186528497409327,0.8797250859106529,40,19.3
lightgbm,0.8520513359983168,0.0065172909473412,0.8468071720666877,0.826530612244898,0.81,0.8694158075601375,40,17.7
catboost,0.85411319166842,0.0046200746839497,0.8483152228748909,0.8163265306122449,0.8205128205128205,0.8797250859106529,30,31.0
hist_gradient_boosting,0.8500105196717861,0.0100771779123121,0.8450430423885802,0.8316326530612245,0.8029556650246306,0.8625429553264605,40,35.5
svm,0.8664001683147486,0.0475754714509933,0.8601520633700459,0.8112244897959183,0.8502673796791443,0.9037800687285223,40,11.8
mlp,0.8726067746686305,0.07136450020129856,0.8659759951706261,0.8061224489795918,0.8681318681318682,0.9175257731958762,40,20.7
