model,cv_macro_f1_mean,cv_macro_f1_std,cv_balanced_accuracy,cv_dementia_recall,cv_dementia_precision,cv_control_recall,cv_mci_recall,n_trials_completed,tuning_seconds
logistic_regression,0.6879630151211445,0.0534415386239301,0.6917926323219445,0.8214285714285714,0.8256410256410256,0.7800687285223368,0.4738805970149253,29,83.3
random_forest,0.6791656772417352,0.0159542960968928,0.6848851506546096,0.826530612244898,0.8181818181818182,0.7766323024054983,0.4514925373134328,25,138.9
extra_trees,0.6910625628808924,0.0307920246710821,0.6977798607774649,0.8316326530612245,0.7912621359223301,0.7766323024054983,0.4850746268656716,25,58.2
xgboost,0.6634843698294098,0.0199201906491621,0.6635558618995632,0.7908163265306123,0.8201058201058201,0.7147766323024055,0.4850746268656716,25,73.1
lightgbm,0.6871007001126868,0.0146753285184361,0.6914968428772751,0.8316326530612245,0.8029556650246306,0.7353951890034365,0.5074626865671642,25,59.5
catboost,0.669073879434379,0.0087173265516403,0.674386151855213,0.7959183673469388,0.8125,0.7869415807560137,0.4402985074626865,20,42.7
hist_gradient_boosting,0.659817433291795,0.0137196037849423,0.6638092586370344,0.826530612244898,0.8059701492537313,0.6872852233676976,0.4776119402985074,25,137.9
svm,0.6748674666932017,0.0665374349285184,0.6805076238835279,0.7857142857142857,0.8415300546448088,0.845360824742268,0.4104477611940298,25,62.7
mlp,0.6930198190696113,0.09521082633026107,0.6924175322280526,0.8112244897959183,0.8594594594594595,0.7697594501718213,0.4962686567164179,25,24.2
