feature,mean_abs_shap
rank_pT217_F,0.05543086720381882
log_pT217_F,0.0306415647683161
rank_NfL_harmonized,0.027246662711553134
pT217_F,0.025169794417688265
pT217_AB42_F,0.020367613597875926
log_NfL_harmonized,0.01424538792638285
pT217_GFAP_product,0.010648496162321682
NfL_harmonized,0.008902314309537085
rank_AB40_F,0.00597633686756207
rank_AB42_F,0.005267819659350291
rank_GFAP_harmonized,0.0051668778622273
AB42_AB40_F,0.0034614939935322846
GFAP_NfL_ratio,0.003330983498960923
AB40_minus_AB42,0.0027457154299410642
AB40_F,0.0027009466652625413
AB42_F,0.00224532512981577
log_AB40_F,0.002232021483859056
log_GFAP_harmonized,0.002172158387580037
GFAP_harmonized,0.0009901221906977197
