feature,pearson_r,pearson_p,spearman_r,spearman_p,n,abs_spearman_r
MMSE_FINAL_SCORE,-0.7449,0.0,-0.8405,0.0,344,0.8405
pT217_F,0.589,0.0,0.6958,0.0,574,0.6958
pT217_AB42_F,0.5912,0.0,0.6871,0.0,572,0.6871
NfL_Q,0.3508,0.0,0.5414,0.0,339,0.5414
GFAP_Q,0.4777,0.0,0.5224,0.0,339,0.5224
NfL_F,0.4278,0.0,0.4479,0.0,337,0.4479
GFAP_F,0.4934,0.0,0.4421,0.0,337,0.4421
AB42_AB40_F,-0.2801,0.0,-0.3304,0.0,572,0.3304
AB40_F,0.0491,0.240719,0.1131,0.006716,573,0.1131
AB42_F,-0.1031,0.013609,-0.1112,0.007787,572,0.1112
