feature_1,feature_2,r,p_value,n,significant_0.05,significant_0.01,abs_r
pT217_F,pT217_AB42_F,0.9683,0.0,886,True,True,0.9683
NfL_Q,NfL_F,0.9176,0.0,138,True,True,0.9176
GFAP_Q,GFAP_F,0.9148,0.0,138,True,True,0.9148
MMSE_FINAL_SCORE,DIAGNOSIS_num,-0.7855,0.0,532,True,True,0.7855
AB42_F,AB40_F,0.7132,0.0,886,True,True,0.7132
pT217_F,GFAP_F,0.6525,0.0,568,True,True,0.6525
pT217_F,GFAP_Q,0.6443,0.0,458,True,True,0.6443
NfL_Q,GFAP_Q,0.637,0.0,458,True,True,0.637
NfL_F,GFAP_F,0.6356,0.0,568,True,True,0.6356
GFAP_Q,NfL_F,0.6102,0.0,138,True,True,0.6102
pT217_F,NfL_F,0.6052,0.0,568,True,True,0.6052
pT217_AB42_F,GFAP_Q,0.6014,0.0,456,True,True,0.6014
pT217_F,MMSE_FINAL_SCORE,-0.5985,0.0,532,True,True,0.5985
pT217_AB42_F,MMSE_FINAL_SCORE,-0.5964,0.0,529,True,True,0.5964
pT217_AB42_F,GFAP_F,0.5908,0.0,567,True,True,0.5908
pT217_F,DIAGNOSIS_num,0.585,0.0,889,True,True,0.585
pT217_AB42_F,DIAGNOSIS_num,0.5769,0.0,886,True,True,0.5769
pT217_F,NfL_Q,0.5481,0.0,458,True,True,0.5481
NfL_Q,GFAP_F,0.5477,0.0,138,True,True,0.5477
AB40_F,NfL_F,0.544,0.0,568,True,True,0.544
pT217_AB42_F,NfL_F,0.5143,0.0,567,True,True,0.5143
AB42_AB40_F,pT217_AB42_F,-0.512,0.0,886,True,True,0.512
NfL_Q,DIAGNOSIS_num,0.4738,0.0,458,True,True,0.4738
pT217_AB42_F,NfL_Q,0.469,0.0,456,True,True,0.469
GFAP_Q,DIAGNOSIS_num,0.4549,0.0,458,True,True,0.4549
pT217_F,AB42_AB40_F,-0.446,0.0,886,True,True,0.446
AB40_F,GFAP_F,0.4283,0.0,568,True,True,0.4283
GFAP_Q,MMSE_FINAL_SCORE,-0.4211,0.0,296,True,True,0.4211
AB42_AB40_F,GFAP_F,-0.4029,0.0,567,True,True,0.4029
AB40_F,NfL_Q,0.3977,0.0,457,True,True,0.3977
NfL_Q,MMSE_FINAL_SCORE,-0.3755,0.0,296,True,True,0.3755
GFAP_F,DIAGNOSIS_num,0.3671,0.0,568,True,True,0.3671
AB42_F,AB42_AB40_F,0.3669,0.0,886,True,True,0.3669
NfL_F,DIAGNOSIS_num,0.3652,0.0,568,True,True,0.3652
AB42_AB40_F,NfL_F,-0.3451,0.0,567,True,True,0.3451
GFAP_F,MMSE_FINAL_SCORE,-0.3411,0.0,309,True,True,0.3411
AB42_AB40_F,GFAP_Q,-0.3398,0.0,456,True,True,0.3398
AB40_F,AB42_AB40_F,-0.3214,0.0,886,True,True,0.3214
AB42_F,pT217_AB42_F,-0.3035,0.0,886,True,True,0.3035
NfL_F,MMSE_FINAL_SCORE,-0.2936,0.0,309,True,True,0.2936
AB42_AB40_F,DIAGNOSIS_num,-0.2657,0.0,886,True,True,0.2657
AB42_F,NfL_F,0.2648,0.0,567,True,True,0.2648
AB40_F,GFAP_Q,0.2523,0.0,457,True,True,0.2523
pT217_F,AB40_F,0.2455,0.0,887,True,True,0.2455
AB42_F,NfL_Q,0.2253,1e-06,456,True,True,0.2253
AB42_AB40_F,MMSE_FINAL_SCORE,0.1766,4.4e-05,529,True,True,0.1766
AB42_AB40_F,NfL_Q,-0.1673,0.000333,456,True,True,0.1673
AB42_F,MMSE_FINAL_SCORE,0.139,0.001355,529,True,True,0.139
AB40_F,DIAGNOSIS_num,0.107,0.001411,887,True,True,0.107
AB42_F,GFAP_F,0.0955,0.022945,567,True,False,0.0955
pT217_F,AB42_F,-0.0817,0.014989,886,True,False,0.0817
AB42_F,DIAGNOSIS_num,-0.0779,0.020364,886,True,False,0.0779
AB40_F,pT217_AB42_F,0.0706,0.035711,886,True,False,0.0706
AB40_F,MMSE_FINAL_SCORE,0.0259,0.551291,530,False,False,0.0259
AB42_F,GFAP_Q,0.0022,0.963001,456,False,False,0.0022
