,pT217_F,AB42_F,AB40_F,AB42_AB40_F,pT217_AB42_F,NfL_Q,GFAP_Q,NfL_F,GFAP_F,MMSE_FINAL_SCORE,DIAGNOSIS_num
pT217_F,1.0,-0.08170458100641206,0.2454519815382977,-0.4459839327624806,0.9682846694732806,0.5481030578740458,0.6443474395579819,0.6051532123549155,0.6524617587718563,-0.5985140905649731,0.5849993394217936
AB42_F,-0.08170458100641206,1.0,0.7131621693296332,0.3669241417506351,-0.30352144619928834,0.2252535288794953,0.0021783191936221883,0.26477430850313755,0.09550582666057651,0.13896350153482295,-0.07791897207650797
AB40_F,0.2454519815382977,0.7131621693296332,1.0,-0.321418767803123,0.07056918082996119,0.3977333206429737,0.25234477491241664,0.5440328350776827,0.4282639527869097,0.025937968938481035,0.10703038271732382
AB42_AB40_F,-0.4459839327624806,0.3669241417506351,-0.321418767803123,1.0,-0.5120024490896625,-0.16730985946246735,-0.33976673946422387,-0.34509191145492524,-0.4028581704441137,0.1765628081907589,-0.2657237329251775
pT217_AB42_F,0.9682846694732806,-0.30352144619928834,0.07056918082996119,-0.5120024490896625,1.0,0.4689522898699417,0.6013599487490732,0.51432773831198,0.5908275696231741,-0.5964116096555906,0.5769387060195839
NfL_Q,0.5481030578740458,0.2252535288794953,0.3977333206429737,-0.16730985946246735,0.4689522898699417,1.0,0.6370043538578158,0.9176126896271363,0.5477294860737906,-0.375544395774971,0.473793668593851
GFAP_Q,0.6443474395579819,0.0021783191936221883,0.25234477491241664,-0.33976673946422387,0.6013599487490732,0.6370043538578158,1.0,0.6102249843618212,0.9147951245014955,-0.42107352049681274,0.4549199433718082
NfL_F,0.6051532123549155,0.26477430850313755,0.5440328350776827,-0.34509191145492524,0.51432773831198,0.9176126896271363,0.6102249843618212,1.0,0.6356339069640652,-0.29357175095728905,0.36518379055395916
GFAP_F,0.6524617587718563,0.09550582666057651,0.4282639527869097,-0.4028581704441137,0.5908275696231741,0.5477294860737906,0.9147951245014955,0.6356339069640652,1.0,-0.3410812668546629,0.3670777365258104
MMSE_FINAL_SCORE,-0.5985140905649731,0.13896350153482295,0.025937968938481035,0.1765628081907589,-0.5964116096555906,-0.375544395774971,-0.42107352049681274,-0.29357175095728905,-0.3410812668546629,1.0,-0.7855129845896751
DIAGNOSIS_num,0.5849993394217936,-0.07791897207650797,0.10703038271732382,-0.2657237329251775,0.5769387060195839,0.473793668593851,0.4549199433718082,0.36518379055395916,0.3670777365258104,-0.7855129845896751,1.0
