feature,pearson_r,pearson_p,spearman_r,spearman_p,abs_pearson_r,abs_spearman_r,n
MMSE_FINAL_SCORE,-0.7019,0.0,-0.7855,0.0,0.7019,0.7855,532
pT217_F,0.5187,0.0,0.585,0.0,0.5187,0.585,889
pT217_AB42_F,0.5205,0.0,0.5769,0.0,0.5205,0.5769,886
NfL_Q,0.3265,0.0,0.4738,0.0,0.3265,0.4738,458
GFAP_Q,0.4254,0.0,0.4549,0.0,0.4254,0.4549,458
GFAP_F,0.1822,1.2e-05,0.3671,0.0,0.1822,0.3671,568
NfL_F,0.2257,0.0,0.3652,0.0,0.2257,0.3652,568
AB42_AB40_F,-0.2256,0.0,-0.2657,0.0,0.2256,0.2657,886
AB40_F,0.0486,0.147781,0.107,0.001411,0.0486,0.107,887
AB42_F,-0.0798,0.01746,-0.0779,0.020364,0.0798,0.0779,886
