model,cv_accuracy_mean,cv_accuracy_std,cv_macro_f1,cv_dementia_recall,cv_dementia_precision,cv_control_recall,n_trials_completed,tuning_seconds,task,cv_macro_f1_mean,cv_macro_f1_std,cv_balanced_accuracy,cv_mci_recall
logistic_regression,0.8622974963181148,0.078911899520524,0.8561109518664698,0.8112244897959183,0.8412698412698413,0.8969072164948454,40,12.3,Binary (Control vs Dementia),,,,
random_forest,0.8541342310119923,0.0042078713371281,0.8492884384875231,0.8367346938775511,0.8078817733990148,0.865979381443299,38,100.1,Binary (Control vs Dementia),,,,
extra_trees,0.85411319166842,0.0037310342540101,0.8490542151054923,0.8316326530612245,0.8109452736318408,0.8694158075601375,40,59.0,Binary (Control vs Dementia),,,,
xgboost,0.8500105196717861,0.0143058685184925,0.8437765034166063,0.8061224489795918,0.8186528497409327,0.8797250859106529,40,19.3,Binary (Control vs Dementia),,,,
lightgbm,0.8520513359983168,0.0065172909473412,0.8468071720666877,0.826530612244898,0.81,0.8694158075601375,40,17.7,Binary (Control vs Dementia),,,,
catboost,0.85411319166842,0.0046200746839497,0.8483152228748909,0.8163265306122449,0.8205128205128205,0.8797250859106529,30,31.0,Binary (Control vs Dementia),,,,
hist_gradient_boosting,0.8500105196717861,0.0100771779123121,0.8450430423885802,0.8316326530612245,0.8029556650246306,0.8625429553264605,40,35.5,Binary (Control vs Dementia),,,,
svm,0.8664001683147486,0.0475754714509933,0.8601520633700459,0.8112244897959183,0.8502673796791443,0.9037800687285223,40,11.8,Binary (Control vs Dementia),,,,
mlp,0.8726067746686305,0.0713645002012985,0.8659759951706261,0.8061224489795918,0.8681318681318682,0.9175257731958762,40,20.7,Binary (Control vs Dementia),,,,
random_forest,,,,0.6989795918367347,0.6171171171171171,0.7353951890034365,40,174.7,3-class (Control/MCI/Dementia),0.5796606072547139,0.0067179391448871,0.5950403498322959,0.3507462686567164
logistic_regression,,,,0.7448979591836735,0.6134453781512605,0.7491408934707904,40,52.1,3-class (Control/MCI/Dementia),0.5699371000441487,0.0720501674484462,0.5950278762579556,0.291044776119403
extra_trees,,,,0.75,0.6176470588235294,0.7663230240549829,40,72.9,3-class (Control/MCI/Dementia),0.5811088246695715,0.0111165924600596,0.606187276675044,0.3022388059701492
xgboost,,,,0.6632653061224489,0.6532663316582915,0.7628865979381443,40,88.8,3-class (Control/MCI/Dementia),0.5827273036987664,0.0225896893748344,0.5947869530948245,0.3582089552238806
lightgbm,,,,0.7142857142857143,0.5957446808510638,0.7216494845360825,40,42.5,3-class (Control/MCI/Dementia),0.5622168454576891,0.0117119614078105,0.5831226782142308,0.3134328358208955
catboost,,,,0.7397959183673469,0.6016597510373444,0.7353951890034365,30,66.2,3-class (Control/MCI/Dementia),0.5700088786128477,0.013520202781294,0.5937204188748383,0.3059701492537313
hist_gradient_boosting,,,,0.7244897959183674,0.5916666666666667,0.7319587628865979,40,129.6,3-class (Control/MCI/Dementia),0.5615922286633814,0.0141296468498007,0.5849853404971775,0.2985074626865671
svm,,,,0.7704081632653061,0.601593625498008,0.7697594501718213,40,23.3,3-class (Control/MCI/Dementia),0.5748277468613049,0.0531726997209221,0.6066727865685947,0.2798507462686567
mlp,,,,0.6836734693877551,0.6350710900473934,0.6701030927835051,40,22.3,3-class (Control/MCI/Dementia),0.5821058475384262,0.0540074798204444,0.589318555549624,0.4141791044776119
