feature,importance
pT217_F,0.18161137741229855
log_pT217_F,0.14877365744502544
rank_pT217_F,0.14246318130106592
pT217_GFAP_product,0.14138508245714945
pT217_AB42_F,0.10400899220238118
log_NfL_harmonized,0.060818869931080946
rank_NfL_harmonized,0.049609695409251704
NfL_harmonized,0.048919079338832196
rank_GFAP_harmonized,0.01885363806784811
log_GFAP_harmonized,0.018318630466233225
GFAP_harmonized,0.0175971304172299
GFAP_NfL_ratio,0.017101597765018437
AB42_AB40_F,0.013536055536134841
AB40_minus_AB42,0.008569865444782875
AB40_F,0.007243614957756555
log_AB40_F,0.006470421083643209
rank_AB40_F,0.005816345033295918
rank_AB42_F,0.004781357418368216
AB42_F,0.004121408312603454
