column,n_valid,q1,q3,iqr,lower_fence,upper_fence,n_outliers,pct_outliers
pT217_F,889,0.114,0.552,0.438,-0.543,1.209,41,4.61
AB42_F,886,23.48,31.2975,7.8175,11.7538,43.0237,13,1.47
AB40_F,887,279.225,370.65,91.425,142.0875,507.7875,32,3.61
AB42_AB40_F,886,0.0753,0.0927,0.0173,0.0493,0.1187,12,1.35
pT217_AB42_F,886,0.004,0.0206,0.0165,-0.0208,0.0454,50,5.64
NfL_Q,458,15.65,33.275,17.625,-10.7875,59.7125,18,3.93
GFAP_Q,458,124.95,282.65,157.7,-111.6,519.2,12,2.62
NfL_F,568,17.35,31.945,14.595,-4.5425,53.8375,29,5.11
GFAP_F,568,44.05,93.175,49.125,-29.6375,166.8625,26,4.58
MMSE_FINAL_SCORE,532,22.0,29.0,7.0,11.5,39.5,23,4.32
